<?xml version="1.0" encoding="UTF-8"?>
<metadata xml:lang="en"><Esri><CreaDate>20120717</CreaDate><CreaTime>13172700</CreaTime><ArcGISFormat>1.0</ArcGISFormat><SyncOnce>FALSE</SyncOnce><DataProperties><itemProps><itemName Sync="TRUE">Airprtx010g_7_11_12</itemName><imsContentType Sync="TRUE">002</imsContentType><itemSize Sync="TRUE">0.000</itemSize><itemLocation><linkage Sync="TRUE">file://\\IGSKRDCNWS17083\D$\National_Atlas_Intial_Release_5_14_12\Airports\Airprtx010g_7_11_12.shp</linkage><protocol Sync="TRUE">Local Area Network</protocol></itemLocation></itemProps><coordRef><type Sync="TRUE">Geographic</type><geogcsn Sync="TRUE">GCS_North_American_1983</geogcsn><csUnits Sync="TRUE">Angular Unit: Degree (0.017453)</csUnits><peXml Sync="TRUE">&lt;GeographicCoordinateSystem xsi:type='typens:GeographicCoordinateSystem' xmlns:xsi='http://www.w3.org/2001/XMLSchema-instance' xmlns:xs='http://www.w3.org/2001/XMLSchema' xmlns:typens='http://www.esri.com/schemas/ArcGIS/10.0'&gt;&lt;WKT&gt;GEOGCS[&amp;quot;GCS_North_American_1983&amp;quot;,DATUM[&amp;quot;D_North_American_1983&amp;quot;,SPHEROID[&amp;quot;GRS_1980&amp;quot;,6378137.0,298.257222101]],PRIMEM[&amp;quot;Greenwich&amp;quot;,0.0],UNIT[&amp;quot;Degree&amp;quot;,0.0174532925199433],AUTHORITY[&amp;quot;EPSG&amp;quot;,4269]]&lt;/WKT&gt;&lt;XOrigin&gt;-400&lt;/XOrigin&gt;&lt;YOrigin&gt;-400&lt;/YOrigin&gt;&lt;XYScale&gt;11258999068426.238&lt;/XYScale&gt;&lt;ZOrigin&gt;-100000&lt;/ZOrigin&gt;&lt;ZScale&gt;10000&lt;/ZScale&gt;&lt;MOrigin&gt;-100000&lt;/MOrigin&gt;&lt;MScale&gt;10000&lt;/MScale&gt;&lt;XYTolerance&gt;8.9831528411952133e-009&lt;/XYTolerance&gt;&lt;ZTolerance&gt;0.001&lt;/ZTolerance&gt;&lt;MTolerance&gt;0.001&lt;/MTolerance&gt;&lt;HighPrecision&gt;true&lt;/HighPrecision&gt;&lt;LeftLongitude&gt;-180&lt;/LeftLongitude&gt;&lt;WKID&gt;4269&lt;/WKID&gt;&lt;/GeographicCoordinateSystem&gt;</peXml></coordRef><lineage><Process ToolSource="C:\ArcGIS\Desktop10.0\ArcToolbox\Toolboxes\Data Management Tools.tbx\Merge" Date="20120711" Time="184514">Merge Airprtx010g_7_10_12;GNIS49_Airprts_JOINED_RESTRUCT D:\National_Atlas_Intial_Release_5_14_12\Airports\Airprtx010g_7_11_12.shp "AIRPRTX010 "AIRPRTX010" true true false 10 Double 0 10 ,First,#,Airprtx010g_7_10_12,AIRPRTX010,-1,-1,GNIS49_Airprts_JOINED_RESTRUCT,AIRPRTX010,-1,-1;FEATURE "FEATURE" true true false 10 Text 0 0 ,First,#,Airprtx010g_7_10_12,FEATURE,-1,-1,GNIS49_Airprts_JOINED_RESTRUCT,FEATURE,-1,-1;ICAO "ICAO" true true false 10 Text 0 0 ,First,#,Airprtx010g_7_10_12,ICAO,-1,-1,GNIS49_Airprts_JOINED_RESTRUCT,ICAO,-1,-1;IATA "IATA" true true false 10 Text 0 0 ,First,#,Airprtx010g_7_10_12,IATA,-1,-1,GNIS49_Airprts_JOINED_RESTRUCT,IATA,-1,-1;AIRPT_NAME "AIRPT_NAME" true true false 254 Text 0 0 ,First,#,Airprtx010g_7_10_12,AIRPT_NAME,-1,-1,GNIS49_Airprts_JOINED_RESTRUCT,AIRPT_NAME,-1,-1;CITY "CITY" true true false 254 Text 0 0 ,First,#,Airprtx010g_7_10_12,CITY,-1,-1,GNIS49_Airprts_JOINED_RESTRUCT,CITY,-1,-1;STATE "STATE" true true false 5 Text 0 0 ,First,#,Airprtx010g_7_10_12,STATE,-1,-1,GNIS49_Airprts_JOINED_RESTRUCT,STATE,-1,-1;STATE_FIPS "STATE_FIPS" true true false 5 Text 0 0 ,First,#,Airprtx010g_7_10_12,STATE_FIPS,-1,-1,GNIS49_Airprts_JOINED_RESTRUCT,STATE_FIPS,-1,-1;COUNTY "COUNTY" true true false 254 Text 0 0 ,First,#,Airprtx010g_7_10_12,COUNTY,-1,-1,GNIS49_Airprts_JOINED_RESTRUCT,COUNTY,-1,-1;FIPS "FIPS" true true false 5 Text 0 0 ,First,#,Airprtx010g_7_10_12,FIPS,-1,-1,GNIS49_Airprts_JOINED_RESTRUCT,FIPS,-1,-1;TOT_ENP "TOT_ENP" true true false 15 Double 0 15 ,First,#,Airprtx010g_7_10_12,TOT_ENP,-1,-1,GNIS49_Airprts_JOINED_RESTRUCT,TOT_ENP,-1,-1;LATITUDE "LATITUDE" true true false 16 Double 6 15 ,First,#,Airprtx010g_7_10_12,LATITUDE,-1,-1,GNIS49_Airprts_JOINED_RESTRUCT,LATITUDE,-1,-1;LONGITUDE "LONGITUDE" true true false 16 Double 6 15 ,First,#,Airprtx010g_7_10_12,LONGITUDE,-1,-1,GNIS49_Airprts_JOINED_RESTRUCT,LONGITUDE,-1,-1;ELEV "ELEV" true true false 16 Double 6 15 ,First,#,Airprtx010g_7_10_12,ELEV,-1,-1,GNIS49_Airprts_JOINED_RESTRUCT,ELEV,-1,-1;ACT_DATE "ACT_DATE" true true false 10 Text 0 0 ,First,#,Airprtx010g_7_10_12,ACT_DATE,-1,-1,GNIS49_Airprts_JOINED_RESTRUCT,ACT_DATE,-1,-1;CNTL_TWR "CNTL_TWR" true true false 5 Text 0 0 ,First,#,Airprtx010g_7_10_12,CNTL_TWR,-1,-1,GNIS49_Airprts_JOINED_RESTRUCT,CNTL_TWR,-1,-1"</Process><Process ToolSource="C:\ArcGIS\Desktop10.0\ArcToolbox\Toolboxes\Data Management Tools.tbx\CalculateField" Date="20120717" Time="130311">CalculateField Airprtx010g_7_11_12 FEATURE UCase( [FEATURE] ) VB #</Process></lineage></DataProperties><SyncDate>20120711</SyncDate><SyncTime>18451400</SyncTime><ModDate>20120711</ModDate><ModTime>18451400</ModTime></Esri><dataIdInfo><envirDesc Sync="TRUE">Microsoft Windows 7 Version 6.1 (Build 7601) Service Pack 1; ESRI ArcGIS 10.0.4.4000</envirDesc><dataLang><languageCode value="eng" Sync="TRUE"></languageCode><countryCode value="USA" Sync="TRUE"></countryCode></dataLang><idCitation><resTitle Sync="TRUE">Airprtx010g_7_11_12</resTitle><presForm><PresFormCd value="005" Sync="TRUE"></PresFormCd></presForm></idCitation><spatRpType><SpatRepTypCd value="001" Sync="TRUE"></SpatRepTypCd></spatRpType></dataIdInfo><mdLang><languageCode value="eng" Sync="TRUE"></languageCode><countryCode value="USA" Sync="TRUE"></countryCode></mdLang><mdChar><CharSetCd value="004" Sync="TRUE"></CharSetCd></mdChar><distInfo><distFormat><formatName Sync="TRUE">Shapefile</formatName></distFormat><distTranOps><transSize Sync="TRUE">0.000</transSize></distTranOps></distInfo><mdHrLv><ScopeCd value="005" Sync="TRUE"></ScopeCd></mdHrLv><mdHrLvName Sync="TRUE">dataset</mdHrLvName><refSysInfo><RefSystem><refSysID><identCode code="4269" Sync="TRUE"></identCode><idCodeSpace Sync="TRUE">EPSG</idCodeSpace><idVersion Sync="TRUE">7.4.1</idVersion></refSysID></RefSystem></refSysInfo><spatRepInfo><VectSpatRep><geometObjs Name="Airprtx010g_7_11_12"><geoObjTyp><GeoObjTypCd value="004" Sync="TRUE"></GeoObjTypCd></geoObjTyp><geoObjCnt Sync="TRUE">0</geoObjCnt></geometObjs><topLvl><TopoLevCd value="001" Sync="TRUE"></TopoLevCd></topLvl></VectSpatRep></spatRepInfo><spdoinfo><ptvctinf><esriterm><efeatyp Sync="TRUE">Simple</efeatyp><efeageom code="1" Sync="TRUE"></efeageom><esritopo Sync="TRUE">FALSE</esritopo><efeacnt Sync="TRUE">0</efeacnt><spindex Sync="TRUE">FALSE</spindex><linrefer Sync="TRUE">FALSE</linrefer></esriterm></ptvctinf></spdoinfo><eainfo><detailed Name="Airprtx010g_7_11_12"><enttyp><enttypl Sync="TRUE">Airprtx010g_7_11_12</enttypl><enttypt Sync="TRUE">Feature Class</enttypt><enttypc Sync="TRUE">0</enttypc></enttyp><attr><attrlabl Sync="TRUE">FID</attrlabl><attalias Sync="TRUE">FID</attalias><attrtype Sync="TRUE">OID</attrtype><attwidth Sync="TRUE">4</attwidth><atprecis Sync="TRUE">0</atprecis><attscale Sync="TRUE">0</attscale><attrdef Sync="TRUE">Internal feature number.</attrdef><attrdefs Sync="TRUE">ESRI</attrdefs><attrdomv><udom Sync="TRUE">Sequential unique whole numbers that are automatically generated.</udom></attrdomv></attr><attr><attrlabl Sync="TRUE">Shape</attrlabl><attalias Sync="TRUE">Shape</attalias><attrtype Sync="TRUE">Geometry</attrtype><attwidth Sync="TRUE">0</attwidth><atprecis Sync="TRUE">0</atprecis><attscale Sync="TRUE">0</attscale><attrdef Sync="TRUE">Feature geometry.</attrdef><attrdefs Sync="TRUE">ESRI</attrdefs><attrdomv><udom Sync="TRUE">Coordinates defining the features.</udom></attrdomv></attr><attr><attrlabl Sync="TRUE">AIRPRTX010</attrlabl><attalias Sync="TRUE">AIRPRTX010</attalias><attrtype Sync="TRUE">Double</attrtype><attwidth Sync="TRUE">10</attwidth><atprecis Sync="TRUE">10</atprecis><attscale Sync="TRUE">0</attscale></attr><attr><attrlabl Sync="TRUE">FEATURE</attrlabl><attalias Sync="TRUE">FEATURE</attalias><attrtype Sync="TRUE">String</attrtype><attwidth Sync="TRUE">10</attwidth><atprecis Sync="TRUE">0</atprecis><attscale Sync="TRUE">0</attscale></attr><attr><attrlabl Sync="TRUE">ICAO</attrlabl><attalias Sync="TRUE">ICAO</attalias><attrtype Sync="TRUE">String</attrtype><attwidth Sync="TRUE">10</attwidth><atprecis Sync="TRUE">0</atprecis><attscale Sync="TRUE">0</attscale></attr><attr><attrlabl Sync="TRUE">IATA</attrlabl><attalias Sync="TRUE">IATA</attalias><attrtype Sync="TRUE">String</attrtype><attwidth Sync="TRUE">10</attwidth><atprecis Sync="TRUE">0</atprecis><attscale Sync="TRUE">0</attscale></attr><attr><attrlabl Sync="TRUE">AIRPT_NAME</attrlabl><attalias Sync="TRUE">AIRPT_NAME</attalias><attrtype Sync="TRUE">String</attrtype><attwidth Sync="TRUE">254</attwidth><atprecis Sync="TRUE">0</atprecis><attscale Sync="TRUE">0</attscale></attr><attr><attrlabl Sync="TRUE">CITY</attrlabl><attalias Sync="TRUE">CITY</attalias><attrtype Sync="TRUE">String</attrtype><attwidth Sync="TRUE">254</attwidth><atprecis Sync="TRUE">0</atprecis><attscale Sync="TRUE">0</attscale></attr><attr><attrlabl Sync="TRUE">STATE</attrlabl><attalias Sync="TRUE">STATE</attalias><attrtype Sync="TRUE">String</attrtype><attwidth Sync="TRUE">5</attwidth><atprecis Sync="TRUE">0</atprecis><attscale Sync="TRUE">0</attscale></attr><attr><attrlabl Sync="TRUE">STATE_FIPS</attrlabl><attalias Sync="TRUE">STATE_FIPS</attalias><attrtype Sync="TRUE">String</attrtype><attwidth Sync="TRUE">5</attwidth><atprecis Sync="TRUE">0</atprecis><attscale Sync="TRUE">0</attscale></attr><attr><attrlabl Sync="TRUE">COUNTY</attrlabl><attalias Sync="TRUE">COUNTY</attalias><attrtype Sync="TRUE">String</attrtype><attwidth Sync="TRUE">254</attwidth><atprecis Sync="TRUE">0</atprecis><attscale Sync="TRUE">0</attscale></attr><attr><attrlabl Sync="TRUE">FIPS</attrlabl><attalias Sync="TRUE">FIPS</attalias><attrtype Sync="TRUE">String</attrtype><attwidth Sync="TRUE">5</attwidth><atprecis Sync="TRUE">0</atprecis><attscale Sync="TRUE">0</attscale></attr><attr><attrlabl Sync="TRUE">TOT_ENP</attrlabl><attalias Sync="TRUE">TOT_ENP</attalias><attrtype Sync="TRUE">Double</attrtype><attwidth Sync="TRUE">15</attwidth><atprecis Sync="TRUE">15</atprecis><attscale Sync="TRUE">0</attscale></attr><attr><attrlabl Sync="TRUE">LATITUDE</attrlabl><attalias Sync="TRUE">LATITUDE</attalias><attrtype Sync="TRUE">Double</attrtype><attwidth Sync="TRUE">16</attwidth><atprecis Sync="TRUE">15</atprecis><attscale Sync="TRUE">6</attscale></attr><attr><attrlabl Sync="TRUE">LONGITUDE</attrlabl><attalias Sync="TRUE">LONGITUDE</attalias><attrtype Sync="TRUE">Double</attrtype><attwidth Sync="TRUE">16</attwidth><atprecis Sync="TRUE">15</atprecis><attscale Sync="TRUE">6</attscale></attr><attr><attrlabl Sync="TRUE">ELEV</attrlabl><attalias Sync="TRUE">ELEV</attalias><attrtype Sync="TRUE">Double</attrtype><attwidth Sync="TRUE">16</attwidth><atprecis Sync="TRUE">15</atprecis><attscale Sync="TRUE">6</attscale></attr><attr><attrlabl Sync="TRUE">ACT_DATE</attrlabl><attalias Sync="TRUE">ACT_DATE</attalias><attrtype Sync="TRUE">String</attrtype><attwidth Sync="TRUE">10</attwidth><atprecis Sync="TRUE">0</atprecis><attscale Sync="TRUE">0</attscale></attr><attr><attrlabl Sync="TRUE">CNTL_TWR</attrlabl><attalias Sync="TRUE">CNTL_TWR</attalias><attrtype Sync="TRUE">String</attrtype><attwidth Sync="TRUE">5</attwidth><atprecis Sync="TRUE">0</atprecis><attscale Sync="TRUE">0</attscale></attr></detailed></eainfo><mdDateSt Sync="TRUE">20120711</mdDateSt></metadata>
